AgreementGenId;DefaultDate;DefaultEndDate;DefaultRankNum;DefaultTypeCd;ValutaKod;LossAmount;EAD
1180176;01MAY2010;28FEB2018;26;D90;SEK;5097.9701351;14980.383
1196292;01NOV2006;31MAY2018;20;HAF;SEK;28663.8;28663.8
1211676;01MAY2008;30SEP2008;26;D90;SEK;16674.493;16674.493
1226304;01APR2019;31DEC2999;26;D90;SEK;10293.008;10293.008
1235808;01NOV2010;31OCT2018;26;D90;SEK;22431.816;22431.816
1257420;01APR2018;31DEC2999;26;D90;SEK;3664.859;3664.859
1270512;01MAY2006;31OCT2018;20;HAF;SEK;11006.809;11006.809
1275600;01MAR2019;30APR2020;11;SS;SEK;0;2310.011
1276716;01JUL2008;30APR2009;26;D90;SEK;23564.64;23564.64
1276716;01NOV2009;31OCT2018;20;HAF;SEK;25528.36;25528.36
1276716;01AUG2007;30APR2008;26;D90;SEK;21600.92;21600.92
1278900;01APR2010;31OCT2018;26;D90;SEK;11208.571;11208.571
1283220;01MAY2014;31MAY2018;26;D90;SEK;17726.786;17726.786
1286148;01MAY2010;31OCT2018;26;D90;SEK;12140.249;12140.249
1288980;01OCT2008;31MAY2014;20;HAF;SEK;11835.912;11835.912
1292736;01JUL2009;31DEC2011;26;D90;SEK;966.70918419;14224.749
1297944;01MAY2010;31MAY2018;26;D90;SEK;11526.053;11526.053
1299984;01NOV2011;31JAN2020;26;D90;SEK;10214.778151;11592.746
1304136;01DEC2009;31OCT2018;11;SS;SEK;11553.305771;11878.128
1304136;01MAY2008;30APR2009;26;D90;SEK;10590.53029;10888.284
1307568;01NOV2006;28FEB2007;99;CON;SEK;0;9374.035
1313544;01JUL2013;31DEC2999;26;D90;SEK;0;17021.62
1318104;01SEP2012;30APR2014;26;D90;SEK;441.52452921;9662.829
1319484;01MAY2010;31MAR2012;26;D90;SEK;11811.217;11811.217
1319484;01JUN2012;31MAY2018;20;HAF;SEK;12884.964;12884.964
1321440;01MAR2009;30SEP2012;26;D90;SEK;11706.277;11706.277
1321500;01AUG2007;31OCT2009;10;KK;SEK;9889.9798043;17336.132
1321500;01MAY2010;31JAN2018;26;D90;SEK;10789.068877;18912.144
1326720;01JUL2016;31DEC2999;26;D90;SEK;0;31138.272
1329252;01APR2018;31DEC2999;26;D90;NOK;22856.801;22856.801
1334976;01NOV2014;31DEC2999;20;HAF;USD;10118.009;10118.009
1340004;01JUN2011;30SEP2011;26;D90;SEK;12.305080931;8580.869
1341036;01JUL2009;31OCT2018;20;HAF;SEK;21825.24;21825.24
1341036;01MAR2008;30APR2009;26;D90;SEK;20006.47;20006.47
1361652;01OCT2014;31JAN2020;26;D90;SEK;2037.904;2037.904
1384020;01OCT2010;31OCT2011;11;SS;SEK;0;21084.734
1384188;01JAN2009;30APR2009;26;D90;SEK;10616.969;10616.969
1384188;01NOV2009;31OCT2018;26;D90;SEK;11582.148;11582.148
1388592;01JAN2013;31AUG2013;99;CON;SEK;0;12012.799389
1392072;01OCT2017;30NOV2019;26;D90;SEK;14289.347171;17194.089
1394232;01FEB2006;31MAY2006;99;CON;SEK;6451.731;6451.731
1394232;01JAN2007;31MAY2018;20;HAF;SEK;7038.252;7038.252
1394988;01APR2012;28FEB2013;26;D90;SEK;257.19417729;9966.462
1398396;01JAN2010;31OCT2018;11;SS;SEK;14898.416218;19556.46
1398396;01OCT2008;30APR2009;26;D90;SEK;13656.881533;17926.755
1405632;01SEP2014;31DEC2999;26;D90;SEK;17716.985071;28984.538
1416924;01SEP2014;29FEB2016;26;D90;EUR;19004.172;19004.172
1427712;01JAN2009;31AUG2009;99;CON;SEK;1034.6539253;10812.607
1427712;01JAN2011;30JUN2011;99;CON;SEK;1193.8314523;12476.085
1427712;01OCT2007;30SEP2008;99;CON;SEK;955.06516181;9980.868
1427712;01JAN2010;30JUN2010;99;CON;SEK;1114.2426888;11644.346
1427712;01JUL2006;30JUN2007;99;CON;SEK;875.47639832;9149.129
1443600;01SEP2012;31MAR2013;26;D90;SEK;87.33057993;8049.272
1459092;01JUL2015;31DEC2999;26;D90;SEK;12493.574225;22141.218
1462140;01OCT2008;31OCT2009;99;CON;SEK;1364.2418858;22291.75
1462140;01OCT2007;31MAR2008;99;CON;SEK;1259.3002023;20577
1462140;01MAR2007;31AUG2007;99;CON;SEK;1154.3585187;18862.25
1465740;01SEP2012;30JUN2018;26;D90;SEK;11683.089;11683.089
1471260;01APR2012;31JAN2020;26;D90;SEK;6192.5640198;6212.448
1472724;01APR2008;30SEP2008;99;CON;SEK;0;1738.416
1472724;01APR2007;31JUL2007;99;CON;SEK;0;1593.548
1479432;01SEP2016;31DEC2999;11;SS;SEK;10522.252125;16470.856471
1495428;01SEP2011;31JAN2020;26;D90;SEK;9809.5864473;11931.568
1504068;01NOV2013;30SEP2014;26;D90;SEK;194.10155667;8496.565
1521084;01SEP2012;31DEC2999;26;D90;SEK;0;23039.555
1535760;01JUL2013;31DEC2999;20;HAF;SEK;0;5702.895
1541688;01JUL2007;30NOV2008;20;HAF;SEK;12839.255;12839.255
1557036;01MAR2012;31DEC2999;20;HAF;NOK;21415.405;21415.405
1558392;01APR2008;31JUL2008;99;CON;SEK;1101.4855915;19660.751
1558392;01APR2009;31AUG2009;99;CON;SEK;1201.6206453;21448.092
1564068;01NOV2009;31AUG2011;26;D90;SEK;2257.1160999;8767.716
1564068;01APR2008;30APR2009;26;D90;SEK;2069.0230916;8037.073
1568136;01AUG2008;31DEC2008;99;CON;SEK;1508.5983099;11037.774
1568136;01AUG2009;31DEC2009;99;CON;SEK;1645.7436108;12041.208
1583400;01JAN2009;31MAR2010;11;SS;USD;10972.555;10972.555
1591212;01APR2012;31JAN2020;26;D90;SEK;4253.4482784;9427
1594092;01JUL2007;31MAR2008;99;CON;SEK;767.9488681;5788.816
1594092;01NOV2009;31MAY2010;99;CON;SEK;907.57593503;6841.328
1594092;01JUN2008;30JUN2009;99;CON;SEK;837.76240156;6315.072
1606152;01JAN2013;30JUN2014;99;CON;SEK;0;10963.128
1640016;01NOV2008;30APR2009;26;D90;SEK;3381.004;3381.004
1642692;01NOV2016;31DEC2999;26;D90;SEK;7788.6016486;12989.784
1642692;01JAN2016;30APR2016;99;CON;SEK;7139.5515112;11907.302
1646448;01AUG2013;31DEC2999;20;HAF;SEK;5393.003;5393.003
1653900;01JUN2016;31DEC2999;20;HAF;SEK;2330.977;2330.977
1667376;01DEC2008;31MAY2009;99;CON;SEK;524.03375152;10829.1
1667376;01MAR2008;31OCT2008;99;CON;SEK;480.36427222;9926.675
1670304;01FEB2013;31MAY2019;20;HAF;SEK;1802.262;1802.262
1682412;01MAR2008;31OCT2018;20;HAF;SEK;12660.54;12660.54
1682412;01AUG2006;30SEP2007;99;CON;SEK;11605.495;11605.495
1683384;01SEP2015;29FEB2016;99;CON;SEK;0;5466.3560702
1701516;01OCT2008;31MAR2009;99;CON;SEK;8612.934;8612.934
1711440;01MAY2018;31DEC2999;20;HAF;SEK;6286.929;6286.929
1717344;01NOV2013;28FEB2014;99;CON;SEK;356.97702874;20899.879
1717344;01MAY2014;31AUG2014;99;CON;SEK;389.42948589;22799.868
1717344;01OCT2014;31JAN2015;99;CON;SEK;421.88194305;24699.857
1723392;01APR2007;31AUG2007;99;CON;SEK;0;7145.127
1740840;01JAN2017;31DEC2999;11;SS;SEK;0;5914.26
1745676;01APR2008;30APR2009;26;D90;SEK;5251.103;5251.103
1755276;01JUL2010;31OCT2011;26;D90;SEK;680.84407234;11551.408
1764252;01JUL2009;30NOV2013;12;RFF99;SEK;0;28588.197
1764252;01MAY2014;31JUL2016;10;KK;SEK;0;31187.124
1764468;01MAR2007;31MAR2008;99;CON;SEK;20303.58;20303.58
1767600;01AUG2017;31DEC2999;20;HAF;SEK;21105.293;21105.293
1773240;01JAN2018;30APR2018;99;CON;EUR;1094.1852433;10888.042
1782504;01JAN2009;31OCT2018;20;HAF;SEK;11736.626;11736.626
1798032;01FEB2008;30APR2012;99;CON;NOK;29930.12;29930.12
1807476;01SEP2009;30NOV2018;26;D90;SEK;6298.347;6298.347
1812864;01SEP2010;31MAR2011;99;CON;SEK;0;6311.22
1812864;01MAR2010;30JUN2010;99;CON;SEK;0;5785.285
1816320;01SEP2009;31AUG2010;26;D90;SEK;212.98962714;9119.044
1821624;01OCT2011;31OCT2012;11;SS;USD;0;10772.542
1828092;01MAY2006;30NOV2014;20;HAF;SEK;11618.926;11618.926
1832244;01DEC2013;30SEP2017;26;D90;SEK;795.4518538;11671.891
1835196;01NOV2008;30APR2009;26;D90;SEK;11668.151;11668.151
1835196;01NOV2009;30JUN2012;26;D90;SEK;12728.892;12728.892
1836636;01MAY2011;31DEC2011;99;CON;SEK;0;16311.280714
1845636;01NOV2010;30NOV2013;26;D90;SEK;27399.977733;28219.411
1865304;01FEB2009;31MAY2009;99;CON;SEK;155.05640565;9138.91
1898172;01AUG2013;31AUG2014;11;SS;SEK;0;27497.998
1910364;01SEP2013;31MAY2018;11;SS;SEK;13622.02376;16609.527
1918416;01SEP2006;31JAN2007;99;CON;SEK;0;4506.204
1918416;01MAR2007;30JUN2007;99;CON;SEK;0;4881.721
1918416;01APR2006;31JUL2006;99;CON;SEK;0;4130.687
1918416;01DEC2008;31MAR2009;99;CON;SEK;513.85252546;5339.496
1918416;01JUN2008;30SEP2008;99;CON;SEK;471.03148167;4894.538
1918416;01DEC2009;30APR2010;99;CON;SEK;556.67356924;5784.454
1926636;01MAR2009;30NOV2018;26;D90;SEK;11564.586;11564.586
1928016;01SEP2014;31JAN2015;99;CON;SEK;0;34248.768
1928016;01NOV2013;30APR2014;99;CON;SEK;0;31394.704
1929156;01MAR2009;31JUL2009;99;CON;SEK;0;20631.084499
1938852;01JUL2011;30NOV2012;26;D90;SEK;2211.5916714;5774.824
1945200;01FEB2017;31DEC2999;10;KK;SEK;27458.778321;27500
1950408;01JUL2006;30APR2009;10;KK;SEK;5334.593;5334.593
1958736;01MAY2010;30SEP2010;99;CON;SEK;0;10944.145545
1958736;01FEB2011;31MAY2012;99;CON;SEK;0;11939.067867
1963752;01JAN2008;31MAY2012;20;HAF;SEK;5671.842;5671.842
1972740;01APR2016;30APR2019;26;D90;SEK;7376.4194794;11606.914
1980288;01OCT2018;31DEC2999;26;D90;SEK;4885.765056;11348.007
1980480;01MAY2008;31AUG2008;99;CON;SEK;0;5652.812
1980480;01NOV2008;31OCT2010;99;CON;SEK;0;6166.704
1982316;01MAY2009;30NOV2018;20;HAF;SEK;23262.712;23262.712
1989792;01SEP2006;30SEP2012;11;SS;NOK;7668.6126358;15646.939
1996932;01NOV2015;31DEC2999;11;SS;SEK;0;11270.787
2015376;01NOV2009;30NOV2018;26;D90;SEK;12160.896;12160.896
2015376;01JAN2009;30APR2009;26;D90;SEK;11147.488;11147.488
2016408;01OCT2007;28FEB2009;99;CON;SEK;6409.7346215;21858.012
2016408;01OCT2006;31JAN2007;99;CON;SEK;5875.5900697;20036.511
2035440;01NOV2008;30SEP2010;99;CON;SEK;0;13218.413
2035440;01DEC2007;31MAR2008;99;CON;SEK;0;12201.612
2035440;01FEB2007;30SEP2007;99;CON;SEK;0;11184.811
2039532;01NOV2008;30APR2009;26;D90;USD;5809.034;5809.034
2042184;01MAY2010;30SEP2010;99;CON;SEK;5498.163;5498.163
2042184;01NOV2010;30NOV2018;20;HAF;SEK;5997.996;5997.996
2045700;01JUL2012;31JAN2014;26;D90;SEK;595.25641431;10895.401
2050032;01FEB2009;31DEC2009;99;CON;SEK;97.144970569;10474.057
2053908;01JUN2009;31DEC2010;99;CON;SEK;0;5427.564
2053908;01MAY2008;30NOV2008;99;CON;SEK;0;4975.267
2061384;01DEC2010;31DEC2011;11;SS;SEK;0;11073.744
2071896;01APR2009;31JUL2011;26;D90;EUR;2123.1269029;18779.387
2080452;01SEP2014;31AUG2015;26;D90;SEK;321.93444625;11039.204
2081208;01MAY2008;30APR2009;26;D90;SEK;2227.4359813;2481.567
2081208;01OCT2009;30NOV2010;26;D90;SEK;2429.9301614;2707.164
2083692;01NOV2011;31JAN2020;26;D90;SEK;8489.165073;11592.449
2090508;01DEC2008;31MAY2018;20;HAF;SEK;11779.614;11779.614
2094972;01JUL2011;31JAN2020;26;D90;SEK;12663.211;12663.211
2098488;01FEB2019;31AUG2019;26;D90;SEK;0;5129.575
2102364;01OCT2014;31DEC2999;26;D90;SEK;34315.985;34315.985
2103372;01JUL2012;31OCT2012;99;CON;SEK;0;11347.481446
2103372;01OCT2011;31MAR2012;99;CON;SEK;0;10401.857992
2104752;01AUG2009;31AUG2017;20;HAF;SEK;6792.3;6792.3
2104752;01APR2008;30APR2009;26;D90;SEK;6226.275;6226.275
2105040;01SEP2009;31MAY2018;20;HAF;SEK;11515.075;11515.075
2109000;01JUL2006;30NOV2006;99;CON;SEK;672.44021762;5499.615
2109000;01FEB2010;30NOV2018;20;HAF;SEK;5273.2127316;5682.924
2109000;01DEC2007;30SEP2009;10;KK;SEK;4833.7783373;5209.347
2112960;01APR2013;30NOV2019;11;SS;SEK;10806.554;10806.554
2128572;01APR2006;31MAY2018;20;HAF;SEK;11557.139;11557.139
2140692;01SEP2010;30NOV2018;26;D90;SEK;9950.842;9950.842
2143044;01JUL2009;31JAN2013;20;HAF;SEK;12701.808;12701.808
2143044;01NOV2008;30APR2009;26;D90;SEK;11643.324;11643.324
2143284;01SEP2012;31DEC2012;99;CON;SEK;289.86887134;10765.992
2143284;01SEP2011;31DEC2011;99;CON;SEK;265.71313206;9868.826
2146368;01JUN2014;31JUL2015;11;SS;SEK;0;19271.802
2153280;01DEC2007;31MAY2011;99;CON;SEK;1585.7372002;9055.134
2153280;01JAN2012;30JUN2012;99;CON;SEK;1729.8951275;9878.328
2160744;01OCT2014;30JUN2016;10;KK;SEK;0;10979.151903
2169552;01APR2014;31OCT2015;99;CON;SEK;0;19813.341287
2169552;01JUL2012;31OCT2013;99;CON;SEK;0;18289.238111
2169552;01AUG2011;31MAY2012;99;CON;SEK;0;16765.134935
2179404;01OCT2011;31OCT2017;11;SS;SEK;0;17311.316
2181108;01JAN2009;30APR2009;26;D90;SEK;10617.046;10617.046
2181108;01JUL2009;30NOV2018;20;HAF;SEK;11582.232;11582.232
2184336;01NOV2012;31DEC2999;20;HAF;SEK;6090.59;6090.59
2195016;01APR2009;31DEC2999;26;D90;SEK;11741.543;11741.543
2202108;01MAY2010;31MAR2011;99;CON;SEK;1209.464284;11405.88
2202108;01NOV2009;31MAR2010;99;CON;SEK;1108.6755937;10455.39
2202108;01JUN2012;31OCT2012;99;CON;SEK;1411.0416647;13306.86
2202108;01MAY2011;30APR2012;99;CON;SEK;1310.2529744;12356.37
2203692;01APR2007;31AUG2007;99;CON;SEK;0;4972.693
2215968;01OCT2013;31DEC2999;20;HAF;USD;6080.503;6080.503
2221476;01JUL2009;31JAN2010;99;CON;SEK;0;3014.715
2225880;01JAN2013;30APR2013;26;D90;SEK;6.2715714423;2119.92
2231040;01AUG2006;28FEB2018;20;HAF;SEK;6124.91;6124.91
2239836;01NOV2009;30SEP2012;26;D90;SEK;4150.391367;10874.974
2243628;01AUG2009;30NOV2009;99;CON;SEK;8729.2845446;17654.544
2243628;01NOV2007;30NOV2008;99;CON;SEK;8001.8441659;16183.332
2243628;01AUG2010;31MAR2011;99;CON;SEK;9456.7249233;19125.756
2245512;01APR2009;30APR2010;11;SS;SEK;1718.068;1718.068
2266476;01DEC2008;31MAY2009;99;CON;SEK;246.06929075;26638.986
2266476;01SEP2009;31AUG2010;99;CON;SEK;268.43922627;29060.712
2267724;01JAN2012;30NOV2015;26;D90;SEK;11588.049;11588.049
2271300;01SEP2011;31JAN2020;26;D90;SEK;11445.17;11445.17
2275584;01JUN2012;31MAY2018;20;HAF;SEK;16765.729418;25774.548
2275584;01MAY2010;30APR2012;26;D90;SEK;15368.5853;23626.669
2279232;01APR2008;30NOV2018;20;HAF;SEK;2311.551;2311.551
2284788;01FEB2009;30JUN2009;99;CON;SEK;1643.8000949;12068.351966
2293896;01NOV2011;31JUL2013;26;D90;SEK;535.57949408;11387.277
2298684;01APR2009;30APR2010;99;CON;SEK;1133.2128272;12082.701639
2298684;01OCT2008;28FEB2009;99;CON;SEK;1038.7784249;11075.809836
2305500;01SEP2017;30APR2019;10;KK;SEK;138.848351;8545.344
2305500;01JAN2016;31DEC2016;26;D90;SEK;127.27765509;7833.232
2314368;01JUN2012;30JUN2018;11;SS;SEK;87.743102979;13231.236
2314368;01DEC2011;30APR2012;26;D90;SEK;80.43117773;12128.633
2325348;01AUG2015;30SEP2017;20;HAF;SEK;10446.018;10446.018
2348004;01SEP2015;31DEC2999;20;HAF;EUR;11260.755;11260.755
2350692;01SEP2012;30NOV2019;26;D90;SEK;11684.266;11684.266
2351472;01APR2013;31AUG2013;99;CON;SEK;0;12076.812
2351472;01JUL2012;28FEB2013;99;CON;SEK;0;11070.411
2354520;01SEP2012;31DEC2999;26;D90;SEK;9561.596;9561.596
2360124;01APR2009;31MAR2010;99;CON;SEK;0;8843.32707
2367984;01MAY2012;31AUG2012;99;CON;NOK;0;8727.5805306
2379276;01MAY2010;30NOV2018;26;D90;SEK;1126.081;1126.081
2386296;01MAR2007;30JUN2007;99;CON;SEK;0;7824.828
2386296;01SEP2007;31AUG2008;99;CON;SEK;0;8536.176
2389812;01OCT2008;31MAY2009;99;CON;SEK;0;5649.6760325
2389812;01AUG2009;30JUN2010;99;CON;SEK;0;6163.2829446
2395152;01NOV2006;31MAY2018;20;HAF;SEK;6111.083;6111.083
2395668;01JAN2010;30NOV2018;26;D90;SEK;12903.980215;13193.68081
2395668;01MAY2008;30SEP2008;99;CON;SEK;10918.752489;11163.883762
2395668;01FEB2009;30JUN2009;99;CON;SEK;11911.366352;12178.782286
2403852;01OCT2012;31JUL2013;99;CON;SEK;0;11191.819883
2410476;01JUL2011;31OCT2011;99;CON;SEK;0;49500
2410476;01JAN2012;31MAY2012;99;CON;SEK;0;54000
2410692;01SEP2014;31JAN2015;99;CON;SEK;220.2169411;10976.24
2450556;01OCT2013;31MAR2014;99;CON;SEK;1505.7553233;6826.536
2450556;01MAR2012;30APR2013;99;CON;SEK;1380.275713;6257.658
2450976;01JAN2010;30JUN2010;26;D90;SEK;82.836657256;8995.569
2455680;01JAN2009;31MAY2009;99;CON;SEK;3352.0254815;23524.788
2455680;01JAN2008;30SEP2008;99;CON;SEK;3072.6900247;21564.389
2456292;01NOV2007;30SEP2009;10;KK;USD;2807.497;2807.497
2460000;01JUN2010;28FEB2011;99;CON;SEK;0;6597.7864205
2470536;01JUN2019;30JUN2020;11;SS;SEK;0;5340.104
2483544;01JAN2017;31DEC2999;11;SS;SEK;0;7414.902
2494524;01NOV2006;28FEB2007;99;CON;SEK;10999.857;10999.857
2494524;01JUL2007;31DEC2007;99;CON;SEK;11999.844;11999.844
2496048;01MAY2010;30NOV2011;26;D90;SEK;1184.320809;22889.867
2507328;01JUN2010;28FEB2011;26;D90;SEK;136.78288831;8336.119
2508660;01DEC2013;31MAY2014;99;CON;SEK;0;26263.379977
2508660;01JUL2013;31OCT2013;99;CON;SEK;0;24074.764979
2518440;01OCT2011;31MAY2018;20;HAF;SEK;10514.185;10514.185
2533044;01NOV2007;31MAR2008;99;CON;SEK;1670.9908546;11987.616
2533044;01FEB2007;31MAY2007;99;CON;SEK;1531.7416167;10988.648
2537652;01SEP2014;31DEC2999;26;D90;SEK;12048.531;12048.531
2555196;01SEP2011;31AUG2012;26;D90;SEK;358.47858293;11638.858
2565960;01MAR2008;31MAY2018;20;HAF;SEK;17146.822;17146.822
2605068;01DEC2011;31MAR2013;26;D90;SEK;858.56517405;11495.242
2617872;01OCT2009;30NOV2018;26;D90;SEK;19041.444;19041.444
2617872;01OCT2008;30APR2009;26;D90;SEK;17454.657;17454.657
2625828;01FEB2015;31DEC2999;20;HAF;SEK;5169.791;5169.791
2627364;01JAN2009;30APR2010;10;KK;SEK;1854.6720438;3988.908
2627364;01OCT2010;30NOV2016;20;HAF;SEK;2023.2785932;4351.536
2636796;01JUL2010;30NOV2018;26;D90;SEK;11449.031;11449.031
2649096;01NOV2008;31MAY2018;20;HAF;SEK;7223.484;7223.484
2649096;01AUG2007;30APR2008;26;D90;SEK;6621.527;6621.527
2652276;01NOV2010;30NOV2018;26;D90;SEK;15635.056171;17229.883
2669892;01APR2015;30APR2017;10;KK;SEK;4359.3553969;5245.4831572
2669892;01DEC2017;31DEC2999;20;HAF;SEK;4755.660433;5722.3452624
2677896;01DEC2011;31MAY2018;20;HAF;SEK;23023.913;23023.913
2681484;01JAN2011;31MAR2018;20;HAF;SEK;20745.627555;10450.132
2688240;01NOV2008;30APR2009;26;D90;SEK;8479.856;8479.856
2708760;01JUL2010;30APR2011;99;CON;SEK;0;5441.2252218
2714712;01NOV2007;30APR2009;99;CON;SEK;15374.81;15374.81
2714712;01SEP2009;30NOV2018;20;HAF;SEK;16772.52;16772.52
2716044;01AUG2008;30NOV2018;20;HAF;SEK;9729.071;9729.071
2720076;01APR2012;31JAN2020;26;D90;EUR;23123.661;23123.661
2723016;01AUG2009;31JAN2011;10;KK;SEK;3712.4141303;15698.496
2723016;01SEP2008;30APR2009;26;D90;SEK;3403.0462861;14390.288
2725476;01APR2008;31OCT2008;99;CON;USD;0;26210.404
2737692;01SEP2014;31DEC2999;26;D90;SEK;11999.702;11999.702
2740452;01AUG2008;31MAY2018;20;HAF;SEK;11600.988;11600.988
2740452;01SEP2007;30APR2008;99;CON;SEK;10634.239;10634.239
2742096;01AUG2018;31DEC2999;20;HAF;SEK;11783.387;11783.387
2753592;01JAN2017;30NOV2017;99;CON;SEK;10965.383;10965.383
2766936;01JAN2010;30APR2011;99;CON;SEK;0;10984.875
2766936;01JUN2011;29FEB2012;99;CON;SEK;0;11983.5
2772792;01JAN2006;30APR2006;99;CON;SEK;2658.9621323;22390.5
2772792;01JUL2006;31OCT2006;99;CON;SEK;2900.6859625;24426
2774256;01JUL2013;31OCT2019;11;SS;SEK;11322.355;11322.355
2776704;01JAN2013;31MAY2013;99;CON;SEK;15715.788;15715.788
2776704;01JUL2013;30JUN2018;26;D90;SEK;17144.496;17144.496
2793648;01NOV2014;30NOV2015;11;SS;SEK;0;5748.886
2803572;01MAR2006;28FEB2011;20;HAF;SEK;5040.046;5040.046
2810364;01OCT2018;31DEC2999;20;HAF;SEK;11523.732;11523.732
2812944;01JUN2009;30JUN2019;20;HAF;SEK;11724.6;11724.6
2812944;01APR2008;30APR2009;99;CON;SEK;10747.55;10747.55
2817924;01APR2014;30JUN2018;20;HAF;SEK;10144.816;10144.816
2820036;01DEC2008;31JUL2010;10;KK;SEK;11850.384;11850.384
2820036;01MAR2008;31JUL2008;26;D90;SEK;10862.852;10862.852
2821764;01MAR2008;31MAR2009;99;CON;SEK;11399.424;11399.424
2821764;01MAR2007;31OCT2007;99;CON;SEK;10449.472;10449.472
2823372;01FEB2006;30NOV2018;10;KK;SEK;10446.205;10446.205
2836680;01JAN2015;31DEC2999;26;D90;SEK;15319.491;15319.491
2844036;01MAY2009;30NOV2009;99;CON;SEK;9106.9537412;10903.73743
2844036;01JUL2010;30NOV2019;26;D90;SEK;9934.8586268;11894.986288
2847204;01MAR2016;31AUG2017;99;CON;SEK;0;21390.176717
2866548;01SEP2018;30APR2019;26;D90;SEK;120.7853716;8014.424
2872668;01OCT2009;31JUL2016;11;SS;SEK;9877.392;9877.392
2872668;01MAR2008;30APR2009;26;D90;SEK;9054.276;9054.276
2874540;01APR2006;30APR2012;11;SS;SEK;9411.402;9411.402
2887380;01NOV2014;31DEC2018;26;D90;NOK;0;11770
2896848;01NOV2009;30JUN2011;26;D90;SEK;10564.998975;22708.716
2896848;01MAY2008;30APR2009;26;D90;SEK;9684.5823936;20816.323
2901936;01JUN2009;31OCT2019;99;CON;SEK;8428.057;8428.057
2915268;01JAN2019;31JAN2020;11;SS;SEK;0;7130.937
2925372;01JAN2008;31AUG2008;99;CON;SEK;501.05625705;5405.169
2931960;01JUN2009;31JUL2010;11;SS;SEK;0;11181.181
2955564;01APR2010;31JAN2012;26;D90;SEK;1587.7106306;19679
2969712;01JUN2016;31DEC2999;26;D90;SEK;2801.469;2801.469
2987796;01JUL2008;30SEP2009;11;SS;SEK;8980.411;8980.411
2999268;01SEP2016;31DEC2999;20;HAF;USD;96.477410751;5996.54
3011040;01MAR2014;31DEC2999;20;HAF;SEK;21853.755;21853.755
3018540;01JAN2010;30JUN2018;99;CON;SEK;3487.9194006;6115.5
3018540;01SEP2007;30APR2009;99;CON;SEK;3197.2594506;5605.875
3018576;01OCT2012;28FEB2013;99;CON;SEK;184.23514075;21999.700549
3032916;01JAN2018;31JAN2019;11;SS;SEK;0;22081.796
3043596;01DEC2012;31DEC2999;20;HAF;SEK;5875.067;5875.067
3060312;01OCT2006;28FEB2007;99;CON;SEK;4325.5378284;25066.47
3060312;01OCT2008;31MAR2009;99;CON;SEK;5111.9992517;29624.01
3060312;01OCT2007;31AUG2008;99;CON;SEK;4718.7685401;27345.24
3060312;01JUL2011;31JAN2013;99;CON;SEK;0;26396.620172
3060312;01MAY2013;31AUG2013;99;CON;SEK;0;28796.312914
3067308;01NOV2009;30JUN2019;26;D90;SEK;6243.2558938;15415.68
3067308;01SEP2008;30APR2009;26;D90;SEK;5722.9845693;14131.04
3081132;01FEB2016;31MAR2017;99;CON;SEK;0;10984.842
3102060;01JUL2018;31AUG2019;11;SS;SEK;0;15175.919
3118800;01MAR2011;31DEC2999;26;D90;EUR;6845.795;6845.795
3138168;01OCT2013;31OCT2014;11;SS;SEK;0;15887.762
3159300;01MAR2016;30JUN2017;99;CON;SEK;17214.109;17214.109
3162096;01SEP2011;31OCT2012;99;CON;SEK;4860.702;4860.702
3162096;01FEB2013;31MAR2014;11;SS;SEK;5302.584;5302.584
3185544;01MAY2010;30NOV2018;26;D90;SEK;2206.677;2206.677
3194844;01JAN2006;31DEC2006;99;CON;SEK;1244.6026695;10996.458
3215688;01MAY2017;31AUG2017;26;D90;SEK;55.58773888;31586.511
3227340;01AUG2019;31OCT2020;99;CON;SEK;7093.836;7093.836
3227340;01NOV2018;28FEB2019;99;CON;SEK;6502.683;6502.683
3239352;01APR2013;31JUL2013;99;CON;NOK;484.37311295;21999.219
3246792;01MAY2011;31DEC2017;26;D90;SEK;13470.787;13470.787
3249648;01SEP2006;28FEB2007;99;CON;SEK;10445.754;10445.754
3249648;01SEP2007;30NOV2018;20;HAF;SEK;11395.368;11395.368
3250728;01OCT2006;31MAR2007;99;CON;SEK;126.11635667;975.436
3250728;01JUN2007;30NOV2007;99;CON;SEK;137.58148;1064.112
3252108;01JAN2017;31DEC2999;11;SS;SEK;0;22842.325
3261516;01AUG2018;31AUG2019;11;SS;SEK;0;4751.01
3265740;01JUN2013;31JAN2014;99;CON;SEK;0;5395.7733571
3265740;01MAY2014;31DEC2999;26;D90;SEK;0;5886.2982078
3266136;01NOV2007;31MAR2008;99;CON;SEK;11082.5;11082.5
3266136;01JUL2009;30NOV2010;20;HAF;SEK;13097.5;13097.5
3266136;01AUG2008;31MAR2009;99;CON;SEK;12090;12090
3269700;01AUG2006;31JAN2007;99;CON;SEK;10994.72;10994.72
3269700;01JUN2007;30JUN2018;20;HAF;SEK;11994.24;11994.24
3273276;01APR2008;30SEP2009;99;CON;SEK;11081.84;11081.84
3276552;01MAY2010;30NOV2010;26;D90;SEK;64.546623857;9197.408
3276600;01NOV2012;28FEB2013;99;CON;SEK;0;10790.944663
3276600;01MAY2013;31OCT2013;99;CON;SEK;0;11771.939633
3277836;01MAR2006;31JUL2006;99;CON;SEK;24935.867;24935.867
3277836;01DEC2006;30JUN2018;20;HAF;SEK;27202.764;27202.764
3279348;01JAN2015;30APR2015;99;CON;SEK;3374.7485352;30088.32
3279348;01NOV2013;31AUG2014;99;CON;SEK;3093.5194906;27580.96
3279348;01JUN2015;30SEP2015;99;CON;SEK;3655.9775798;32595.68
3280884;01NOV2010;30APR2011;26;D90;SEK;380.76317931;31503.043
3290028;01JAN2013;31DEC2999;20;HAF;SEK;0;25897.509
3290544;01MAY2008;30SEP2008;99;CON;SEK;1433.9656007;11427.757
3290544;01DEC2008;31MAR2009;99;CON;SEK;1564.3261099;12466.644
3293592;01JUN2011;31OCT2011;99;CON;SEK;0;5999.484
3293592;01MAR2012;31JUL2012;99;CON;SEK;0;6499.441
3293592;01APR2010;31DEC2010;99;CON;SEK;0;5499.527
3294264;01MAR2019;31JAN2020;99;CON;SEK;10047.363269;1.068
3294264;01AUG2017;31JUL2018;99;CON;SEK;9210.0829963;0.979
3297288;01APR2010;30JUN2019;26;D90;SEK;29869.125;29869.125
3298416;01OCT2008;30APR2010;99;CON;SEK;0;1200
3298416;01NOV2007;30APR2008;99;CON;SEK;0;1100
3299472;01SEP2008;30APR2009;26;D90;SEK;5442.745;5442.745
3305940;01DEC2014;31DEC2016;26;D90;SEK;1007.2612028;20390.491
3308808;01FEB2007;28FEB2011;20;HAF;SEK;12179.004;12179.004
3308808;01MAY2006;30SEP2006;99;CON;SEK;11164.087;11164.087
3309312;01APR2006;31JUL2006;99;CON;SEK;173.16185191;7379.163
3311184;01JAN2010;30JUN2019;99;CON;SEK;12119.064;12119.064
3311184;01AUG2008;30APR2009;99;CON;SEK;11109.142;11109.142
3315144;01JUN2011;30JUN2017;11;SS;SEK;0;14305.236
3320124;01DEC2009;30JUN2018;20;HAF;SEK;11929.545379;11999.832
3320124;01APR2009;30SEP2009;99;CON;SEK;10935.416598;10999.846
3320532;01FEB2012;30JUN2018;26;D90;SEK;11664.169;11664.169
3324984;01JUN2011;30JUN2018;99;CON;SEK;4517.1445887;5477.34
3327324;01AUG2007;30SEP2008;99;CON;SEK;1877.3585845;11396.064
3327324;01FEB2007;30JUN2007;99;CON;SEK;1720.9120358;10446.392
3328404;01NOV2011;30JUN2018;99;CON;SEK;21979.518;21979.518
3331284;01JUL2007;30NOV2018;20;HAF;SEK;12474.312;12474.312
3331284;01AUG2006;31MAR2007;99;CON;SEK;11434.786;11434.786
3332436;01APR2006;31JUL2006;99;CON;SEK;651.42355789;22131.351
3335940;01MAY2010;30SEP2010;99;CON;SEK;0;8495.8767968
3345084;01SEP2018;30SEP2019;11;SS;SEK;0;21393.691
3345552;01FEB2011;31DEC2999;26;D90;SEK;11999.616;11999.616
3345552;01JUL2010;31DEC2010;99;CON;SEK;10999.648;10999.648
3346092;01MAY2007;31AUG2007;99;CON;SEK;6036.792;6036.792
3346092;01NOV2006;31MAR2007;99;CON;SEK;5533.726;5533.726
3347196;01MAY2008;30SEP2012;99;CON;SEK;1214.185005;17798.836
3349728;01APR2008;30APR2009;26;D90;SEK;23251.558;23251.558
3349728;01NOV2009;31MAY2011;26;D90;SEK;25365.336;25365.336
3351480;01JAN2014;31DEC2020;99;CON;NOK;9977.5084248;16609.923
3355824;01APR2007;30NOV2018;99;CON;SEK;10364.101;10364.101
3356208;01AUG2006;31MAR2007;99;CON;SEK;7354.259;7354.259
3356208;01MAY2007;30NOV2018;99;CON;SEK;8022.828;8022.828
3358164;01MAY2013;30JUN2014;11;SS;SEK;0;5573.942
3363144;01FEB2010;30NOV2019;99;CON;SEK;22106.524;22106.524
3364572;01DEC2006;31MAY2007;99;CON;SEK;7661.6926105;21952.095
3364572;01AUG2007;31MAR2008;99;CON;SEK;8358.2101205;23947.74
3364572;01SEP2008;31MAR2009;99;CON;SEK;9054.7276305;25943.385
3366492;01OCT2012;31DEC2999;20;HAF;EUR;4990.656;4990.656
3370068;01DEC2006;31MAR2007;99;CON;SEK;22910.096;22910.096
3370068;01OCT2007;30NOV2018;20;HAF;SEK;24992.832;24992.832
3370980;01APR2018;31JUL2018;99;CON;SEK;1200.0140102;12088.941944
3370980;01OCT2018;31JAN2019;99;CON;SEK;1309.106193;13187.936666
3371196;01OCT2016;31JAN2017;26;D90;SEK;0.7459673153;1706.529
3374928;01OCT2006;31DEC2008;99;CON;SEK;1226.9605812;10474.893
3375480;01DEC2015;31DEC2999;10;KK;SEK;45452.739282;48124.2
3375480;01MAR2015;31AUG2015;99;CON;SEK;41665.011008;44113.85
3376836;01JUN2009;30NOV2018;26;D90;SEK;11747.802;11747.802
3379416;01JAN2019;29FEB2020;11;SS;SEK;0;11128.975
3380064;01FEB2008;30APR2009;99;CON;SEK;32965.152;32965.152
3380064;01JAN2010;30JUN2018;99;CON;SEK;35961.984;35961.984
3382224;01APR2008;30SEP2008;26;D90;SEK;6087.84;6087.84
3386988;01FEB2012;31MAY2012;99;CON;SEK;0;21990.32
3386988;01JUL2012;30NOV2013;99;CON;SEK;0;23989.44
3391392;01JUN2009;31OCT2019;26;D90;SEK;11159.484;11159.484
3391392;01MAR2008;30SEP2008;99;CON;SEK;10229.527;10229.527
3393888;01JUL2017;31DEC2999;20;HAF;SEK;5651.217;5651.217
3396096;01AUG2009;28FEB2010;99;CON;SEK;0;10999.582
3396780;01JUL2013;30NOV2013;99;CON;SEK;0;1253.483
3396780;01JUL2014;31OCT2019;20;HAF;SEK;0;1367.436
3398988;01APR2018;31DEC2999;26;D90;SEK;6250.827;6250.827
3400968;01NOV2009;30JUN2019;99;CON;SEK;8720.268;8720.268
3400968;01FEB2008;30APR2009;99;CON;SEK;7993.579;7993.579
3403380;01SEP2011;31MAY2016;26;D90;SEK;20884.38;20884.38
3405912;01DEC2014;31DEC2999;99;CON;SEK;11820.059739;16635.872
3408744;01MAR2008;30APR2009;26;D90;SEK;12416.136;12416.136
3408744;01JUL2007;30NOV2007;99;CON;SEK;11381.458;11381.458
3410328;01JUL2010;31DEC2010;99;CON;SEK;0;11936.106363
3410328;01JAN2010;31MAY2010;99;CON;SEK;0;10941.430833
3411684;01APR2010;31JAN2020;99;CON;SEK;11097.482;11097.482
3411912;01AUG2013;30NOV2013;99;CON;SEK;22082.159;22082.159
3411912;01JAN2014;31DEC2999;20;HAF;SEK;24089.628;24089.628
3412872;01FEB2018;28FEB2019;11;SS;SEK;0;11999.688
3412872;01JUL2015;31DEC2017;99;CON;SEK;0;10999.714
3414000;01OCT2012;31DEC2999;26;D90;SEK;13070.39734;17322.701
3415404;01DEC2006;30APR2007;26;D90;SEK;23212.222;23212.222
3415404;01JUL2007;31MAR2010;26;D90;SEK;25322.424;25322.424
3416964;01DEC2012;31MAR2013;99;CON;SEK;3352.7370037;20963.514
3417624;01SEP2018;31MAR2019;99;CON;SEK;1090.323907;23998.92
3417624;01DEC2017;30JUN2018;99;CON;SEK;999.46358144;21999.01
3418716;01MAR2014;30JUN2014;99;CON;SEK;1154.409745;18458.167
3418716;01JUL2013;31DEC2013;99;CON;SEK;1065.6089954;17038.308
3418716;01JUN2012;31OCT2012;99;CON;SEK;976.80824579;15618.449
3422100;01MAR2014;30JUN2014;99;CON;SEK;0;10915.049807
3425628;01NOV2016;31DEC2999;99;CON;SEK;3654.5576607;20895.699
3427680;01FEB2017;30JUN2018;11;SS;SEK;0;11000
3430584;01MAR2011;31DEC2999;99;CON;SEK;3684.9196831;4206.653
3432516;01FEB2012;30JUN2012;99;CON;SEK;4457.6391876;29994.672
3432516;01FEB2011;30JUN2011;99;CON;SEK;4086.1692553;27495.116
3433032;01FEB2016;30SEP2017;99;CON;SEK;0;16305.389157
3434988;01FEB2010;31OCT2019;20;HAF;SEK;6078.523;6078.523
3437700;01MAR2008;30NOV2018;26;D90;SEK;11594.594;11594.594
3440460;01DEC2014;31DEC2015;99;CON;SEK;0;6054.378
3443400;01SEP2014;31DEC2999;26;D90;SEK;2956.756;2956.756
3446148;01MAY2011;31JAN2020;26;D90;SEK;56960.486;56960.486
3446460;01OCT2007;30APR2008;26;D90;SEK;52642.689;52642.689
3446460;01JAN2009;31JAN2010;20;HAF;SEK;57428.388;57428.388
3448908;01FEB2013;31DEC2999;20;HAF;USD;8726.718;8726.718
3451380;01NOV2008;30APR2009;26;D90;SEK;23177.814;23177.814
3451380;01DEC2009;30JUN2019;20;HAF;SEK;25284.888;25284.888
3452520;01FEB2015;31MAR2016;11;SS;SEK;0;5428.874
3455004;01AUG2015;31DEC2999;20;HAF;SEK;0;2183.61
3459624;01FEB2012;31DEC2999;26;D90;EUR;7226.8692541;14533.948
3461616;01MAY2013;31JUL2014;26;D90;SEK;348.09080569;10684.828
3470196;01DEC2013;31MAY2014;99;CON;SEK;1522.5424712;11403.588
3470196;01JUN2012;31MAR2013;99;CON;SEK;1395.6639319;10453.289
3476880;01MAY2014;31DEC2999;11;SS;SEK;9411.5024751;11164.934
3488892;01DEC2008;30SEP2009;99;CON;SEK;0;11917.692
3488892;01MAR2008;30JUN2008;99;CON;SEK;0;10924.551
3494976;01MAR2011;31JUL2011;26;D90;SEK;82.387571357;7292.769
3511536;01JUL2014;30APR2015;26;D90;SEK;23046.903;23046.903
3511536;01JUL2015;31OCT2017;11;SS;SEK;25142.076;25142.076
3516324;01MAY2013;31OCT2013;99;CON;SEK;10191.219414;11999.676
3516324;01JAN2012;30SEP2012;99;CON;SEK;9341.9511291;10999.703
3536304;01JAN2009;30APR2009;26;D90;SEK;7061.131;7061.131
3542544;01APR2009;30SEP2009;26;D90;SEK;54.142683976;3288.769
3550680;01AUG2018;31AUG2019;11;SS;SEK;0;24353.868
3552528;01JAN2010;31JAN2012;99;CON;SEK;6205.472;6205.472
3552528;01MAY2008;30APR2009;99;CON;SEK;5728.128;5728.128
3552528;01NOV2006;31JAN2008;99;CON;SEK;5250.784;5250.784
3553152;01AUG2006;31MAR2007;99;CON;SEK;5580.806;5580.806
3553152;01NOV2007;31MAR2011;20;HAF;SEK;6088.152;6088.152
3556260;01OCT2013;31OCT2014;11;SS;NOK;0;10826.981
3562860;01FEB2007;31MAY2007;99;CON;SEK;30081.106;30081.106
3569724;01MAR2009;31AUG2009;99;CON;SEK;0;15609.825
3573504;01MAR2011;31AUG2011;99;CON;SEK;5.4291377271;53.064
3573504;01APR2012;31AUG2012;99;CON;SEK;5.9226957022;57.888
3575100;01DEC2006;31MAR2007;99;CON;SEK;11158.84;11158.84
3575100;01JUN2007;30APR2008;99;CON;SEK;12173.28;12173.28
3575880;01NOV2012;30APR2013;99;CON;SEK;0;11223.99428
3575880;01MAY2012;31AUG2012;99;CON;SEK;0;10288.661423
3582312;01MAY2015;30JUN2017;26;D90;SEK;1446.5260787;17215.66
3589320;01APR2011;31JAN2016;10;KK;SEK;0;9468.283
3611208;01JAN2012;30APR2013;99;CON;SEK;0;6580.563
3627012;01JUL2008;30APR2009;99;CON;SEK;7475.436;7475.436
3627012;01OCT2007;31MAR2008;99;CON;SEK;6852.483;6852.483
3629076;01APR2011;31JAN2012;26;D90;SEK;100.60856039;4800.598
3633408;01MAY2013;31OCT2013;99;CON;SEK;0;11967.456
3633408;01AUG2012;28FEB2013;99;CON;SEK;0;10970.168
3634224;01OCT2010;31MAR2011;99;CON;SEK;939.01884298;1177.264
3634224;01MAY2011;31DEC2999;26;D90;SEK;1024.3841923;1284.288
3639804;01DEC2012;30SEP2013;99;CON;SEK;0;11998.836
3639804;01JAN2012;31MAY2012;99;CON;SEK;0;10998.933
3640536;01FEB2006;30SEP2009;20;HAF;SEK;11419.309;11419.309
3649176;01SEP2010;31OCT2011;11;SS;SEK;0;6660.786
3656448;01OCT2012;31JUL2013;99;CON;SEK;22.095564409;10392.547
3660384;01JUL2009;30SEP2010;99;CON;SEK;0;11140.523094
3660384;01MAY2011;31MAR2012;99;CON;SEK;0;12153.29792
3663288;01FEB2009;31MAY2009;26;D90;SEK;3533.266;3533.266
3675876;01DEC2016;31DEC2019;99;CON;SEK;8813.1241683;10446.953
3675876;01AUG2020;31DEC2020;99;CON;SEK;9614.3172746;11396.676
3679164;01MAR2013;31MAY2014;11;SS;USD;0;4312.682
3689376;01NOV2017;31DEC2999;20;HAF;SEK;6079.359;6079.359
3690504;01MAR2011;30JUN2011;99;CON;SEK;0;6510.427
3690504;01SEP2011;29FEB2012;26;D90;SEK;0;7102.284
3693144;01DEC2011;30APR2012;99;CON;SEK;11046.829237;11999.988
3693144;01JUN2012;31JUL2017;20;HAF;SEK;11967.39834;12999.987
3693144;01DEC2010;31MAY2011;99;CON;SEK;10126.260134;10999.989
3693180;01JUL2007;30NOV2018;20;HAF;SEK;11463.243;11463.243
3705120;01SEP2015;30JUN2016;99;CON;SEK;1311.7017575;9922.11
3705120;01NOV2017;28FEB2018;99;CON;SEK;486.11146954;11835.259501
3705120;01OCT2018;31DEC2999;11;SS;SEK;530.30342132;12911.192183
3706212;01OCT2006;28FEB2007;99;CON;SEK;1999.5961972;11953.74
3706212;01MAR2008;30NOV2008;99;CON;SEK;2332.8622301;13946.03
3706212;01SEP2007;31JAN2008;99;CON;SEK;2166.2292137;12949.885
3706212;01APR2006;31AUG2006;99;CON;SEK;1832.9631808;10957.595
3715236;01JUN2010;31DEC2010;26;D90;SEK;84.668755955;7422.14
3737388;01SEP2017;31OCT2018;11;SS;SEK;0;8413.372
3739608;01SEP2007;31DEC2007;99;CON;SEK;2595.4232061;12883.464
3739608;01JUN2006;31DEC2006;99;CON;SEK;2379.1379389;11809.842
3743364;01DEC2009;30NOV2019;11;SS;SEK;2946.2565251;10531.763
3754560;01JAN2012;30JUN2012;99;CON;SEK;0;10986.81959
3784104;01AUG2006;31MAR2011;20;HAF;SEK;12476.064;12476.064
3784104;01MAR2006;30JUN2006;99;CON;SEK;11436.392;11436.392
3796392;01MAY2018;31DEC2018;99;CON;SEK;149.07949423;5902.127
3812076;01FEB2010;31MAR2018;20;HAF;NOK;11924.88;11924.88
3830916;01APR2012;31MAY2013;11;SS;SEK;0;9937.18
3841872;01OCT2010;31DEC2011;99;CON;EUR;0;11008.525
3858276;01FEB2015;31DEC2015;26;D90;SEK;290.3055567;9221.905
3860208;01DEC2013;31MAY2014;99;CON;SEK;1275.6427318;11562.288
3860208;01JAN2013;31AUG2013;99;CON;SEK;1169.3391708;10598.764
3867108;01DEC2018;31MAR2020;99;CON;SEK;7997.064;7997.064
3867108;01APR2018;31OCT2018;99;CON;SEK;7330.642;7330.642
3894492;01MAY2008;31DEC2008;26;D90;SEK;4138.354;4138.354
3903756;01AUG2009;31JAN2010;99;CON;SEK;0;24199.964746
3903756;01MAR2010;28FEB2011;99;CON;SEK;0;26399.961541
3910092;01JAN2018;31DEC2999;11;SS;SEK;21644.919654;22077.858
3921168;01JUL2006;30NOV2018;20;HAF;SEK;23847.34;23847.34
3937308;01OCT2013;31JUL2014;99;CON;SEK;0;10873.071709
3964512;01JUN2016;31JUL2017;99;CON;SEK;0.0484182008;0.957
3976956;01OCT2006;31JAN2007;99;CON;SEK;6331.281;6331.281
3984984;01JUN2010;30SEP2010;99;CON;SEK;0;10989.957588
3984984;01JUN2011;30APR2012;99;CON;SEK;0;12988.131695
3984984;01JUN2012;31OCT2012;99;CON;SEK;0;13987.218749
3984984;01JUN2014;31OCT2014;99;CON;SEK;0;15985.392856
3984984;01DEC2010;31MAR2011;99;CON;SEK;0;11989.044642
3984984;01JUN2013;31JAN2014;99;CON;SEK;0;14986.305802
3985236;01OCT2006;28FEB2007;99;CON;SEK;5924.172;5924.172
3985236;01APR2006;31AUG2006;99;CON;SEK;5430.491;5430.491
3995796;01JAN2012;31MAY2012;99;CON;SEK;0;11000
4017888;01AUG2010;31OCT2018;99;CON;USD;11830.32456;17156.887
4034472;01JUL2012;31DEC2012;99;CON;SEK;9537.66;9537.66
4041924;01DEC2016;31DEC2999;26;D90;SEK;0;14081.254
4058160;01AUG2018;30SEP2019;11;SS;SEK;0;9926.554
4072404;01AUG2009;28FEB2010;99;CON;SEK;9934.2583753;10999.946694
4072404;01NOV2010;31AUG2017;20;HAF;SEK;10837.372773;11999.941848
4086288;01OCT2006;28FEB2007;99;CON;SEK;11026.851;11026.851
4100520;01APR2013;31DEC2999;26;D90;SEK;26250.012323;28798.38
4100520;01MAR2012;31JAN2013;99;CON;SEK;24062.511296;26398.515
4104264;01SEP2006;31JUL2018;20;HAF;SEK;20967.312;20967.312
4104264;01MAR2006;30JUN2006;99;CON;SEK;19220.036;19220.036
4106136;01APR2011;31AUG2012;11;SS;SEK;0;11135.696
4114956;01OCT2012;31JAN2013;26;D90;SEK;0;8530.555
4121604;01SEP2017;31DEC2999;99;CON;SEK;5096.2017794;5582.5
4125780;01JAN2010;30APR2010;26;D90;SEK;22.340185227;10499.764
4132848;01NOV2014;30APR2015;99;CON;NOK;0;10342.134
4140696;01DEC2009;31DEC2010;11;SS;SEK;0;15098.413
4144200;01JAN2010;31DEC2999;99;CON;SEK;11688.563814;22799.796
4144200;01SEP2008;31AUG2009;99;CON;SEK;10714.516829;20899.813
4146132;01AUG2010;30NOV2019;26;D90;SEK;21691.80122;11049.896
4149060;01APR2016;28FEB2018;99;CON;SEK;0;10893.460011
4149060;01AUG2018;31AUG2019;11;SS;SEK;0;11883.774557
4151112;01DEC2014;31DEC2015;11;SS;SEK;0;4975.696
4153236;01SEP2015;31MAR2017;26;D90;SEK;18242.436;18242.436
4153236;01FEB2013;31MAR2015;99;CON;SEK;16722.233;16722.233
4155540;01JUN2010;30JUN2011;11;SS;SEK;0;17017.561
4165080;01JUL2009;31OCT2019;26;D90;SEK;22965.415;22965.415
4165452;01NOV2009;30JUN2019;20;HAF;SEK;18964.668;18964.668
4165452;01MAY2008;30APR2009;26;D90;SEK;17384.279;17384.279
4170396;01SEP2010;30JUN2011;26;D90;SEK;541.18644998;17086.608
4177320;01JUN2013;30NOV2016;99;CON;SEK;233.45351524;5583.237
4182372;01APR2011;30APR2012;11;SS;SEK;0;11082.203
4187760;01MAY2008;31AUG2008;99;CON;SEK;0;14248.047
4192080;01JAN2013;30SEP2013;26;D90;SEK;87.546111278;4642
4199136;01MAY2015;31DEC2999;26;D90;SEK;16343.338;16343.338
4203696;01MAR2006;31DEC2999;99;CON;EUR;10325.396594;11065.67
4205400;01JAN2010;30APR2010;99;CON;SEK;5779.378;5779.378
4205400;01JUN2010;30NOV2019;26;D90;SEK;6304.776;6304.776
4206228;01JUN2006;31JUL2018;20;HAF;SEK;5972.384;5972.384
4211160;01JUN2010;30SEP2011;99;CON;USD;16582.313;16582.313
4214436;01SEP2018;31DEC2999;26;D90;SEK;16798.168888;17398.293
4218420;01MAR2015;30SEP2016;99;CON;SEK;5297.303;5297.303
4220220;01JUN2014;31DEC2999;20;HAF;SEK;8860.748447;10050.816
4220220;01SEP2013;28FEB2014;99;CON;SEK;8122.3527431;9213.248
4223580;01MAR2015;31MAR2016;11;SS;SEK;0;7589.373
4227420;01JUL2013;31JUL2018;26;D90;SEK;16846.253551;17999.217994
4227420;01JUN2012;31MAY2013;99;CON;SEK;15442.399089;16499.283162
4227780;01MAR2007;31DEC2018;20;HAF;SEK;17891.819;17891.819
4230864;01JUN2007;30SEP2007;99;CON;SEK;24780.732;24780.732
4230864;01NOV2006;31MAR2007;99;CON;SEK;22715.671;22715.671
4230876;01DEC2014;31MAR2016;10;KK;SEK;0;9773.72
4231056;01APR2007;30NOV2009;20;HAF;SEK;24679.98;24679.98
4231056;01JUN2006;30NOV2006;99;CON;SEK;22623.315;22623.315
4233312;01SEP2008;30APR2009;26;D90;SEK;17557.683;17557.683
4237032;01JUL2012;31DEC2999;20;HAF;SEK;16072.496;16072.496
4237620;01APR2006;31MAR2007;99;CON;SEK;11145.288;11145.288
4237620;01MAY2007;31DEC2018;99;CON;SEK;12158.496;12158.496
4241640;01FEB2012;31DEC2999;11;SS;NOK;23225.73;23225.73
4245840;01JAN2010;31JUL2018;26;D90;SEK;46833.151375;47994.192
4245840;01APR2009;30NOV2009;99;CON;SEK;42930.388761;43994.676
4246608;01JUL2014;30NOV2020;99;CON;SEK;0;22871.508
4249680;01FEB2006;31MAY2006;99;CON;SEK;0;5063.564
4249680;01NOV2006;30APR2007;99;CON;SEK;0;5523.888
4250016;01SEP2013;31DEC2013;99;CON;SEK;0.0147340142;0.726
4254588;01OCT2012;31DEC2999;26;D90;SEK;9726.7293927;23942.336
4258524;01MAR2011;30JUN2011;99;CON;SEK;8250.9410986;51605.422
4261536;01OCT2006;31MAR2009;20;HAF;SEK;9281.305;9281.305
4264320;01AUG2009;30SEP2010;26;D90;SEK;912.22639218;21305.68
4264980;01OCT2009;31JAN2010;99;CON;SEK;11060.181;11060.181
4264980;01APR2010;31OCT2019;26;D90;SEK;12065.652;12065.652
4266504;01DEC2007;30NOV2009;20;HAF;SEK;60180;60180
4266504;01JAN2006;30APR2007;10;KK;SEK;55165;55165
4266732;01AUG2009;30SEP2012;99;CON;SEK;0;16499.549
4268532;01OCT2007;31JUL2018;20;HAF;SEK;10528.284;10528.284
4268532;01FEB2007;31JUL2007;99;CON;SEK;9650.927;9650.927
4270512;01NOV2009;30SEP2011;26;D90;SEK;7369.5929325;17966.832
4270512;01MAY2008;30APR2009;26;D90;SEK;6755.4601881;16469.596
4273968;01MAR2011;31JUL2018;20;HAF;SEK;4124.736;4124.736
4277460;01AUG2009;30APR2012;99;CON;SEK;25290.789618;29009.343
4277460;01JUN2012;31JUL2018;20;HAF;SEK;27589.952311;31646.556
4278360;01DEC2011;31DEC2999;26;D90;SEK;0;19682.311
4281804;01MAY2014;30NOV2016;99;CON;SEK;11161.667;11161.667
4282980;01NOV2015;30NOV2016;11;SS;SEK;0;7064.387
4284468;01JUN2008;31JUL2018;20;HAF;SEK;12595.332;12595.332
4284468;01NOV2007;31MAR2008;99;CON;SEK;11545.721;11545.721
4285224;01JAN2010;31OCT2011;99;CON;SEK;2367.0743457;12076.8
4285224;01APR2008;30APR2009;99;CON;SEK;2169.8181502;11070.4
4285500;01MAY2010;31OCT2011;99;CON;SEK;0;5230.1114718
4288176;01NOV2009;31OCT2018;26;D90;SEK;20484.607259;12415.15
4289748;01JUN2017;28FEB2018;99;CON;SEK;0;5905.6591963
4289748;01MAY2018;31DEC2999;11;SS;SEK;0;6442.537305
4290924;01APR2014;31JUL2014;99;CON;SEK;11366.179;11366.179
4290924;01NOV2014;31DEC2999;99;CON;SEK;12399.468;12399.468
4292796;01MAY2013;31OCT2013;99;CON;SEK;0;32375.200367
4292796;01MAY2012;31AUG2012;99;CON;SEK;0;29677.267003
4293216;01APR2008;30APR2009;99;CON;SEK;10993.609;10993.609
4293216;01JAN2010;31MAR2016;99;CON;SEK;11993.028;11993.028
4294392;01NOV2010;31MAR2011;99;CON;SEK;0;14359.774
4296888;01MAR2009;31JUL2009;99;CON;SEK;32999.164;32999.164
4296888;01SEP2009;31OCT2019;20;HAF;SEK;35999.088;35999.088
4297632;01SEP2018;31DEC2999;26;D90;SEK;16850.075;16850.075
4300068;01JUN2009;31JUL2018;26;D90;SEK;12317.566195;12561.18
4300068;01JUL2008;30APR2009;26;D90;SEK;11291.102345;11514.415
4302252;01JAN2014;31DEC2999;26;D90;SEK;22989.032;22989.032
4304532;01FEB2009;30SEP2012;99;CON;SEK;0;22342.133
4307196;01MAR2014;30APR2015;99;CON;SEK;0;22918.904371
4307196;01MAY2012;31AUG2013;99;CON;SEK;0;21008.995673
4309800;01APR2014;31JAN2020;26;D90;NOK;11575.498;11575.498
4313652;01AUG2009;31OCT2019;99;CON;SEK;6074.398;6074.398
4323108;01JUN2012;31OCT2013;26;D90;SEK;333.41426867;7365.105
4326948;01SEP2007;29FEB2008;99;CON;SEK;7647.596;7647.596
4326948;01JUL2008;30JUN2019;26;D90;SEK;8342.832;8342.832
4331064;01AUG2007;31DEC2018;20;HAF;SEK;5311.625;5311.625
4340208;01SEP2008;31DEC2008;99;CON;SEK;1143.3948582;31328.495
4340208;01SEP2009;31MAY2010;99;CON;SEK;1247.3398453;34176.54
4341192;01OCT2013;30APR2014;26;D90;SEK;114.50238677;8255.071
4343412;01DEC2007;30APR2008;26;D90;SEK;34400.872;34400.872
4343412;01OCT2008;31DEC2018;20;HAF;SEK;37528.224;37528.224
4350552;01AUG2018;31DEC2999;99;CON;SEK;11052.954844;11164.109
4367076;01OCT2016;31JAN2018;26;D90;SEK;244.22350648;9474.751
4380480;01SEP2009;31JAN2010;26;D90;SEK;17.873189389;2751.309
4388136;01APR2016;31JUL2016;99;CON;SEK;0;4346.111
4411872;01MAR2007;31AUG2007;99;CON;SEK;1187.3195271;4608.802
4427100;01OCT2008;30APR2009;26;D90;SEK;10443.048;10443.048
4428396;01OCT2014;31MAR2017;99;CON;SEK;16404.509;16404.509
4428396;01AUG2017;31DEC2999;20;HAF;SEK;17895.828;17895.828
4433400;01JUL2010;30NOV2019;20;HAF;SEK;16681.786;16681.786
4438128;01JUN2009;31OCT2009;99;CON;SEK;1914.0230454;28670.652
4438128;01SEP2008;31DEC2008;99;CON;SEK;1754.521125;26281.431
4442664;01APR2010;31OCT2019;26;D90;SEK;9634.3978234;10018.368
4442664;01DEC2007;31DEC2009;10;KK;SEK;8831.5313381;9183.504
4443756;01MAR2008;30JUN2008;26;D90;SEK;2696.947;2696.947
4444308;01OCT2009;28FEB2011;26;D90;SEK;12110.844;12110.844
4444308;01MAR2008;30APR2009;26;D90;SEK;11101.607;11101.607
4459152;01MAY2006;30NOV2006;99;CON;SEK;8973.811;8973.811
4466460;01AUG2008;30NOV2008;99;CON;SEK;10999.098;10999.098
4466460;01APR2009;31OCT2018;26;D90;SEK;11999.016;11999.016
4484400;01JUN2006;31JAN2016;12;RFF99;SEK;0;395.549
4485348;01NOV2008;31JUL2018;20;HAF;SEK;12542.952;12542.952
4485348;01MAR2007;31MAR2008;99;CON;SEK;11497.706;11497.706
4494372;01APR2007;30APR2017;20;HAF;SEK;9939.633;9939.633
4504728;01JAN2015;31OCT2015;99;CON;SEK;0;6965.431
4504728;01JAN2016;31JUL2016;99;CON;SEK;0;7598.652
4504728;01MAY2019;31AUG2020;11;SS;USD;0;10099.848
4510524;01JUL2013;31MAR2014;99;CON;SEK;0;11825.172
4510524;01OCT2012;31MAR2013;99;CON;SEK;0;10839.741
4511076;01JUL2009;30SEP2010;99;CON;SEK;0;21999.170439
4511076;01JAN2011;31MAY2011;99;CON;SEK;0;23999.095025
4511148;01JUN2012;31OCT2012;99;CON;SEK;0;10938.741
4525140;01AUG2008;31DEC2008;99;CON;SEK;11660.902;11660.902
4525140;01MAR2009;31MAR2010;11;SS;SEK;12720.984;12720.984
4526364;01DEC2012;30APR2013;99;CON;SEK;0;12086.124
4526364;01JUN2013;31JUL2014;99;CON;SEK;0;13093.301
4526364;01MAR2012;30JUN2012;99;CON;SEK;0;11078.947
4531860;01AUG2009;30NOV2009;26;D90;SEK;15.302233449;4692.16
4536216;01AUG2006;31JAN2007;99;CON;SEK;1800.0218351;11058.993
4536216;01JUL2007;30NOV2007;99;CON;SEK;1963.6601838;12064.356
4539324;01DEC2018;31JAN2020;11;SS;SEK;0;12712.898
4543800;01AUG2008;30JUN2019;20;HAF;SEK;3296.425;3296.425
4562544;01SEP2012;31JUL2018;10;KK;NOK;9838.026;9838.026
4574292;01JAN2014;30SEP2015;10;KK;SEK;0;1415.777
4591752;01NOV2008;31DEC2018;20;HAF;SEK;9493.728;9493.728
4591752;01DEC2006;31MAR2008;99;CON;SEK;8702.584;8702.584
4599612;01NOV2011;29FEB2012;26;D90;SEK;17721.813692;21067.442
4599612;01SEP2012;31DEC2999;20;HAF;SEK;19332.887664;22982.664
4616520;01JUN2010;31OCT2011;10;KK;SEK;0;5939.604
4635924;01JUL2009;31OCT2010;99;CON;SEK;5713.5681346;10995.567
4640952;01MAR2006;30JUN2006;99;CON;SEK;10980.992;10980.992
4640952;01AUG2006;31DEC2018;20;HAF;SEK;11979.264;11979.264
4649664;01MAR2008;31OCT2008;26;D90;SEK;11470.404;11470.404
4658748;01OCT2016;30APR2018;10;KK;SEK;0.0549975557;0.814
4674120;01AUG2008;30NOV2008;99;CON;SEK;1251.8664276;4824.864
4678092;01NOV2006;31MAR2007;99;CON;SEK;11034.056;11034.056
4678092;01JUL2007;31DEC2018;20;HAF;SEK;12037.152;12037.152
4698744;01JAN2011;30APR2013;10;KK;SEK;0;5201.064
4702308;01FEB2010;31JUL2010;99;CON;SEK;10619.149143;11412.159
4702308;01SEP2010;31OCT2020;20;HAF;SEK;11584.526338;12449.628
4716036;01OCT2008;30APR2009;26;D90;EUR;8240.98;8240.98
4765380;01OCT2008;30APR2009;26;D90;SEK;5803.6241783;6533.384
4765380;01JUN2009;31JUL2018;26;D90;SEK;6331.2263763;7127.328
4767000;01MAR2019;30APR2020;11;SS;SEK;0;5714.22
4767000;01APR2018;30SEP2018;99;CON;SEK;0;5238.035
4767396;01DEC2007;31DEC2018;20;HAF;SEK;29290.14;29290.14
4767396;01JAN2007;30APR2007;99;CON;SEK;26849.295;26849.295
4767864;01AUG2008;31DEC2008;99;CON;SEK;11063.943;11063.943
4767864;01APR2009;31JUL2018;99;CON;SEK;12069.756;12069.756
4793016;01OCT2007;29FEB2008;99;CON;SEK;20188.124;20188.124
4793016;01JUL2008;30APR2009;26;D90;SEK;22023.408;22023.408
4793016;01JUN2009;31DEC2010;20;HAF;SEK;23858.692;23858.692
4796148;01JUN2011;30NOV2011;99;CON;SEK;0;21758.783175
4796148;01JUL2012;28FEB2013;99;CON;SEK;0;23736.854373
4798500;01MAR2008;31JUL2008;99;CON;SEK;1595.2430301;17063.256
4798500;01SEP2007;31DEC2007;99;CON;SEK;1462.3061109;15641.318
4807956;01SEP2006;31DEC2018;20;HAF;SEK;6295.608;6295.608
4807956;01APR2006;31JUL2006;99;CON;SEK;5770.974;5770.974
4819032;01AUG2017;31DEC2999;20;HAF;SEK;11974.843232;12175.248
4819032;01DEC2016;31MAR2017;99;CON;SEK;10976.939629;11160.644
4831932;01JAN2007;30NOV2010;99;CON;SEK;23999.616;23999.616
4831932;01MAR2011;31AUG2011;99;CON;SEK;25999.584;25999.584
4831932;01OCT2011;31JAN2012;99;CON;SEK;27999.552;27999.552
4831932;01JUL2006;31OCT2006;99;CON;SEK;21999.648;21999.648
4840416;01JAN2017;30APR2017;99;CON;SEK;989.91262;3600.608
4840416;01JUN2017;30SEP2017;99;CON;SEK;1079.9046764;3927.936
4841988;01MAR2010;31JUL2018;20;HAF;SEK;21723.709795;22487.664403
4841988;01MAY2008;31JAN2010;99;CON;SEK;19913.400646;20613.692369
4849392;01JAN2010;31DEC2011;99;CON;SEK;1403.7490157;6067.92
4849392;01MAY2008;30APR2009;99;CON;SEK;1286.7699311;5562.26
4852500;01AUG2012;31JAN2014;99;CON;SEK;6890.4403146;29998.38
4852500;01AUG2010;30NOV2011;99;CON;SEK;6316.236955;27498.515
4856364;01DEC2011;30APR2013;99;CON;SEK;0;11913.116105
4856364;01JUN2011;30SEP2011;99;CON;SEK;0;10920.35643
4861080;01JAN2010;31OCT2018;20;HAF;SEK;8856.9443035;6334.092
4861080;01MAR2008;30APR2009;26;D90;SEK;8118.8656116;5806.251
4864236;01JAN2009;30SEP2009;99;CON;SEK;1497.9361208;11897.88
4864236;01JAN2008;31JUL2008;99;CON;SEK;1373.1081108;10906.39
4867464;01NOV2009;31DEC2010;26;D90;SEK;12598.44;12598.44
4867464;01DEC2007;30APR2009;99;CON;SEK;11548.57;11548.57
4870212;01JUL2009;31DEC2018;99;CON;SEK;11988.192;11988.192
4870212;01MAY2006;30APR2009;99;CON;SEK;10989.176;10989.176
4870428;01SEP2006;31JUL2007;99;CON;SEK;17999.412;17999.412
4870428;01APR2006;31JUL2006;99;CON;SEK;16499.461;16499.461
4870428;01SEP2007;31DEC2018;20;HAF;SEK;19499.363;19499.363
4881768;01APR2009;31JUL2009;99;CON;SEK;1269.0315167;12001.56
4881768;01APR2008;31JUL2008;99;CON;SEK;1163.2788903;11001.43
4888908;01JUL2009;31DEC2009;99;CON;SEK;1900.1010734;11491.08
4888908;01OCT2008;31JAN2009;99;CON;SEK;1741.7593173;10533.49
4900524;01NOV2008;30APR2009;26;D90;SEK;10669.342143;12546.49
4900524;01OCT2009;31DEC2011;26;D90;SEK;11639.282338;13687.08
4902048;01APR2008;30APR2009;99;CON;SEK;1330.3016386;10912.88
4902048;01JUL2009;28FEB2010;99;CON;SEK;1451.2381512;11904.96
4910880;01JUN2012;31JUL2018;20;HAF;SEK;24276.993806;25314.66
4910880;01JAN2010;31JAN2012;99;CON;SEK;22253.910989;23205.105
4913916;01SEP2009;30NOV2018;26;D90;SEK;14677.404;14677.404
4913916;01OCT2008;30APR2009;26;D90;SEK;13454.287;13454.287
4914936;01SEP2014;31JAN2015;99;CON;SEK;3181.7094339;34949.484
4914936;01NOV2013;30APR2014;99;CON;SEK;2916.5669811;32037.027
4929600;01AUG2010;30NOV2019;20;HAF;SEK;22713.084372;24089.232
4929600;01JUN2009;31DEC2009;99;CON;SEK;20820.327341;22081.796
4934244;01APR2012;30NOV2012;99;CON;SEK;0;23997.996
4934244;01APR2011;31AUG2011;99;CON;SEK;0;21998.163
4938528;01AUG2010;31OCT2011;26;D90;SEK;23994.48;23994.48
4938528;01JAN2010;30JUN2010;99;CON;SEK;21994.94;21994.94
4945560;01NOV2011;31MAR2013;99;CON;SEK;0;39089.544
4945560;01NOV2010;28FEB2011;99;CON;SEK;0;36082.656
4945560;01NOV2009;31MAY2010;99;CON;SEK;0;33075.768
4985472;01FEB2008;30SEP2012;99;CON;SEK;991.47167939;11417.184
4985472;01JUN2007;30SEP2007;99;CON;SEK;908.84903944;10465.752
5028756;01DEC2013;31JUL2014;99;CON;SEK;10150.225309;11358.878554
5028756;01SEP2014;31DEC2999;26;D90;SEK;11072.973065;12391.503877
5037996;01NOV2009;30JUN2019;26;D90;SEK;8918.4;8918.4
5037996;01NOV2008;30APR2009;26;D90;SEK;8175.2;8175.2
5040192;01MAR2009;31DEC2009;99;CON;SEK;1652.5728213;12822.758
5040192;01MAY2007;30NOV2007;99;CON;SEK;1398.3308488;10850.026
5040192;01JAN2008;30JUN2008;99;CON;SEK;1525.451835;11836.392
5063520;01NOV2011;31JUL2018;99;CON;SEK;2122.2958623;11349.798687
5063520;01FEB2010;31AUG2011;99;CON;SEK;1945.4378738;10403.98213
5087808;01NOV2009;31AUG2013;26;D90;SEK;1399.6526282;4067.76
5087808;01NOV2008;30APR2009;26;D90;SEK;1283.0149092;3728.78
5107608;01SEP2010;30JUN2019;26;D90;SEK;4911.1783037;13082.256
5107608;01APR2010;31JUL2010;99;CON;SEK;4501.9134451;11992.068
5117952;01JAN2010;30JUN2019;99;CON;SEK;15127.368;15127.368
5117952;01SEP2008;30APR2009;99;CON;SEK;13866.754;13866.754
5158404;01MAY2009;28FEB2017;11;SS;SEK;5226.9624115;10708.836
5158404;01SEP2008;31MAR2009;99;CON;SEK;4791.3822105;9816.433
5234220;01FEB2009;30SEP2009;99;CON;SEK;876.39878913;11952.396
5234220;01AUG2008;30NOV2008;99;CON;SEK;803.3655567;10956.363
5235900;01MAR2007;30SEP2007;99;CON;SEK;23066.484;23066.484
5235900;01JAN2006;31JAN2007;99;CON;SEK;21144.277;21144.277
5273904;01MAY2008;31MAR2010;10;KK;SEK;15141.12;15141.12
5273904;01SEP2007;31MAR2008;99;CON;SEK;13879.36;13879.36
5291232;01NOV2010;28FEB2011;99;CON;SEK;0;19164
5291232;01MAY2010;31AUG2010;99;CON;SEK;0;17567
5331660;01JUL2007;31JUL2008;20;HAF;SEK;5438.172;5438.172
5331660;01DEC2006;31MAR2007;99;CON;SEK;4984.991;4984.991
5347080;01OCT2009;30JUN2019;26;D90;SEK;19091.424;19091.424
5347080;01JAN2009;30APR2009;26;D90;SEK;17500.472;17500.472
5349456;01OCT2009;31OCT2018;99;CON;SEK;7501.4700025;5941.464
5349456;01FEB2008;31MAR2009;99;CON;SEK;6876.3475023;5446.342
5351616;01FEB2008;31MAR2019;20;HAF;SEK;17521.224;17521.224
5351616;01SEP2007;31DEC2007;99;CON;SEK;16061.122;16061.122
5354280;01JAN2010;31AUG2011;99;CON;SEK;12590.604;12590.604
5354280;01APR2008;30APR2009;99;CON;SEK;11541.387;11541.387
5355984;01SEP2008;30APR2009;26;D90;SEK;6043.524;6043.524
5355984;01APR2007;29FEB2008;99;CON;SEK;5539.897;5539.897
5364828;01OCT2007;31MAR2018;20;HAF;SEK;17900.316;17900.316
5364828;01DEC2006;30APR2007;99;CON;SEK;16408.623;16408.623
5376612;01DEC2012;31AUG2013;99;CON;SEK;24169.188;24169.188
5376612;01MAY2012;31AUG2012;99;CON;SEK;22155.089;22155.089
5377560;01FEB2010;30NOV2019;99;CON;SEK;13106.626;13106.626
5377560;01MAY2009;30SEP2009;99;CON;SEK;12098.424;12098.424
5377560;01OCT2008;28FEB2009;99;CON;SEK;11090.222;11090.222
5379924;01JAN2010;31JAN2012;99;CON;SEK;12089.34;12089.34
5379924;01APR2008;30APR2009;99;CON;SEK;11081.895;11081.895
5381580;01JUN2007;31JUL2018;20;HAF;SEK;13199.88;13199.88
5381580;01DEC2006;31MAR2007;99;CON;SEK;12099.89;12099.89
5387472;01JUN2009;30JUN2019;20;HAF;SEK;7581.084;7581.084
5387472;01OCT2008;30APR2009;26;D90;SEK;6949.327;6949.327
5388792;01MAY2013;31DEC2999;99;CON;SEK;7464.2581474;11905.607966
5388792;01SEP2011;30SEP2012;99;CON;SEK;6842.2366352;10913.473969
5388900;01OCT2006;31DEC2012;99;CON;SEK;12147.936;12147.936
5388900;01MAY2006;31AUG2006;99;CON;SEK;11135.608;11135.608
5398140;01APR2008;30JUN2019;26;D90;SEK;4373.712;4373.712
5398140;01SEP2007;29FEB2008;99;CON;SEK;4009.236;4009.236
5398416;01JAN2010;30JUN2019;99;CON;SEK;12180;12180
5398416;01JAN2008;30APR2009;99;CON;SEK;11165;11165
5408136;01AUG2008;31MAY2010;99;CON;SEK;5999.88;5999.88
5408136;01JAN2007;31MAR2008;99;CON;SEK;5499.89;5499.89
5408748;01DEC2011;31MAR2012;99;CON;SEK;4175.5837501;32268.444
5408748;01JUN2011;31OCT2011;99;CON;SEK;3827.6184376;29579.407
5408748;01OCT2012;28FEB2013;99;CON;SEK;4523.5490626;34957.481
5414424;01JUN2008;31OCT2019;99;CON;SEK;11935.584;11935.584
5414424;01NOV2007;29FEB2008;99;CON;SEK;10940.952;10940.952
5419008;01MAY2012;30SEP2013;99;CON;SEK;3797.1538273;23989.716
5419008;01NOV2011;29FEB2012;99;CON;SEK;3480.7243417;21990.573
5420604;01AUG2008;30APR2009;26;D90;SEK;36091.932;36091.932
5420604;01SEP2007;30APR2008;99;CON;SEK;33084.271;33084.271
5421936;01APR2011;31MAR2012;99;CON;SEK;0;11995.320487
5421936;01APR2010;31OCT2010;99;CON;SEK;0;10995.710446
5426640;01JUN2009;30JUN2019;26;D90;SEK;12090;12090
5426640;01NOV2007;30APR2009;99;CON;SEK;11082.5;11082.5
5427276;01MAR2009;30JUN2009;99;CON;SEK;3677.0367599;23938.392
5427276;01AUG2008;31DEC2008;99;CON;SEK;3370.6170299;21943.526
5442900;01JAN2010;30JUN2019;99;CON;SEK;4852.008;4852.008
5442900;01MAR2008;30APR2009;99;CON;SEK;4447.674;4447.674
5444316;01NOV2007;30NOV2009;20;HAF;SEK;6622.44;6622.44
5444316;01JUN2006;31MAR2007;99;CON;SEK;6070.57;6070.57
5451468;01JAN2016;31DEC2999;11;SS;SEK;0;25059.312
5451468;01JUN2014;30JUN2015;26;D90;SEK;0;22971.036
5457132;01JUN2012;28FEB2018;20;HAF;SEK;29763.329525;29867.388
5457132;01APR2011;30APR2012;26;D90;SEK;27283.052064;27378.439
5462772;01NOV2009;31OCT2019;26;D90;SEK;12171.72;12171.72
5462772;01FEB2009;31JUL2009;99;CON;SEK;11157.41;11157.41
5482368;01JUN2010;30NOV2010;99;CON;SEK;0;18061.308
5482368;01SEP2009;30APR2010;99;CON;SEK;0;16556.199
5504508;01DEC2015;31JUL2016;99;CON;SEK;1425.6901684;5977.439
5504508;01MAR2015;31JUL2015;99;CON;SEK;1316.0216939;5517.636
5504508;01MAR2014;30SEP2014;99;CON;SEK;1206.3532194;5057.833
5593164;01JAN2009;30APR2009;99;CON;SEK;2733.2377467;17229.276
5593164;01JUL2008;31OCT2008;99;CON;SEK;2505.4679345;15793.503
5608788;01JAN2008;31MAY2008;99;CON;SEK;1132.5323576;10712.664
5608788;01JAN2007;31MAY2007;99;CON;SEK;1038.1546611;9819.942
5662884;01JUN2007;30SEP2007;99;CON;SEK;0;8643.089
5662884;01SEP2006;31JAN2007;99;CON;SEK;0;7978.236
5662884;01APR2006;31JUL2006;99;CON;SEK;0;7313.383
5663712;01AUG2008;31JAN2010;99;CON;SEK;1102.0248029;13670.052
5663712;01FEB2008;30JUN2008;99;CON;SEK;1010.1894026;12530.881
5672808;01MAR2007;31OCT2017;20;HAF;SEK;5999.544;5999.544
5672808;01JAN2006;30JUN2006;99;CON;SEK;5499.582;5499.582
5690772;01JAN2010;30JUN2013;99;CON;SEK;8426.952;8426.952
5690772;01AUG2008;30APR2009;99;CON;SEK;7724.706;7724.706
5727468;01OCT2008;28FEB2009;99;CON;SEK;695.53647957;6014.364
5727468;01APR2008;31JUL2008;99;CON;SEK;637.57510627;5513.167
5797476;01JUN2006;30SEP2006;99;CON;SEK;21650.134;21650.134
5797476;01JAN2007;30APR2019;20;HAF;SEK;23618.328;23618.328
5829684;01APR2011;31OCT2011;99;CON;SEK;11399.82;11399.82
5829684;01JUL2010;31OCT2010;99;CON;SEK;10449.835;10449.835
5835540;01AUG2014;30JUN2016;99;CON;SEK;11999.784;11999.784
5835540;01FEB2014;31MAY2014;99;CON;SEK;10999.802;10999.802
